ID,label
2774,0.000609666109085083
3673,0.0006086826324462891
7705,0.0042299628257751465
5150,0.9925817251205444
6842,0.004733681678771973
284,0.0006266236305236816
1639,0.004553943872451782
7714,0.9925942420959473
2686,0.0006746351718902588
7188,0.0006113946437835693
5213,0.9925931692123413
88,0.0028639137744903564
1368,0.002652466297149658
4902,0.0006711184978485107
7803,0.9925716519355774
4356,0.9925779104232788
302,0.9925746321678162
6361,0.004296004772186279
3554,0.0006088912487030029
5334,0.9925703406333923
2990,0.0009117722511291504
4240,0.00089988112449646
4360,0.0006635785102844238
4004,0.0006153881549835205
5127,0.0006183981895446777
4042,0.9925953149795532
755,0.0006073713302612305
1357,0.9926122426986694
1682,0.0007979273796081543
5285,0.0006169676780700684
924,0.9925810098648071
4507,0.0006060600280761719
387,0.9925775527954102
7023,0.0006170272827148438
253,0.0006230473518371582
2195,0.038470059633255005
6949,0.0007004439830780029
1681,0.036399126052856445
2316,0.0009188055992126465
5147,0.004372328519821167
379,0.0006086230278015137
3237,0.0007689893245697021
586,0.0006525218486785889
1501,0.000670015811920166
2924,0.9925749897956848
7125,0.9925810694694519
2520,0.000610053539276123
4544,0.0006072819232940674
316,0.004272878170013428
192,0.0008121132850646973
144,0.0006071329116821289
7637,0.0050397515296936035
4162,0.9925763607025146
5801,0.0006152689456939697
806,0.0006184577941894531
6358,0.9925732612609863
2362,0.0006622672080993652
67,0.9925780296325684
6567,0.9925726652145386
479,0.0006722211837768555
5168,0.0006701350212097168
7258,0.9925704598426819
4114,0.000626683235168457
5952,0.0006117522716522217
2950,0.9925777912139893
5432,0.0008255243301391602
6325,0.003349512815475464
6308,0.9925686717033386
4996,0.9925687313079834
464,0.9925869703292847
6409,0.9925813674926758
2333,0.9925785064697266
6396,0.992627739906311
4319,0.0006866157054901123
6658,0.9925971627235413
5376,0.0006248354911804199
3356,0.9925759434700012
4207,0.003912448883056641
7344,0.0006181895732879639
6069,0.9925796985626221
4675,0.0006221532821655273
4578,0.0006158947944641113
689,0.000638425350189209
861,0.9926081895828247
7356,0.0006077289581298828
7099,0.985444188117981
5148,0.992452085018158
3575,0.04686093330383301
2691,0.9926285147666931
5061,0.0006268322467803955
2252,0.9926271438598633
4184,0.0006229281425476074
4167,0.9925707578659058
4111,0.004247188568115234
3039,0.03818681836128235
3639,0.000665813684463501
7014,0.9925693273544312
3754,0.0006119608879089355
1305,0.0042691826820373535
3606,0.0009860098361968994
112,0.0006160736083984375
3700,0.9925756454467773
3488,0.9925771355628967
5695,0.004029124975204468
5114,0.9925698041915894
5319,0.0006081461906433105
75,0.9925689697265625
2758,0.0008447766304016113
2916,0.0008183419704437256
3298,0.9925780296325684
3410,0.0010155737400054932
4308,0.0006709098815917969
3294,0.0006102323532104492
4522,0.0008069872856140137
2021,0.9925724267959595
2254,0.9925825595855713
3671,0.0006123185157775879
4914,0.0006061196327209473
5023,0.9925698041915894
1866,0.9925723075866699
4703,0.002744317054748535
7605,0.004240959882736206
3302,0.9925726652145386
3605,0.0006110966205596924
6289,0.0009271800518035889
7337,0.0006264746189117432
6146,0.9925684928894043
424,0.9925689697265625
543,0.992579460144043
6184,0.9925755262374878
1261,0.0008755624294281006
620,0.9925743341445923
2044,0.992577314376831
6749,0.9926210641860962
4860,0.0006096363067626953
3388,0.002216815948486328
3202,0.9926084280014038
6921,0.0006116926670074463
4607,0.9350764751434326
4174,0.992594838142395
238,0.0006067156791687012
2596,0.0008255243301391602
7694,0.9925758838653564
2164,0.992569625377655
4570,0.000653684139251709
2289,0.9925838708877563
5318,0.0008505880832672119
3811,0.004170238971710205
7377,0.0006721913814544678
5483,0.0006903707981109619
5845,0.9925901889801025
4321,0.9925733804702759
954,0.9925795197486877
1861,0.0006742775440216064
5210,0.0008858144283294678
1725,0.0007293820381164551
5515,0.9926031827926636
3937,0.0006071925163269043
3167,0.0006247460842132568
7798,0.0006451904773712158
1317,0.9925695657730103
7033,0.0006913542747497559
1183,0.0010426640510559082
1486,0.9925984740257263
6652,0.9925828576087952
367,0.9925734400749207
1934,0.9925768971443176
3448,0.9926004409790039
2743,0.0005341470241546631
4386,0.0006174147129058838
3399,0.9925456047058105
130,0.0008811056613922119
3551,0.9925826787948608
5192,0.9925841093063354
4246,0.03537449240684509
7024,0.0006101429462432861
6006,0.9926092624664307
7731,0.992590069770813
5459,0.9925755262374878
4514,0.9925744533538818
2126,0.000625908374786377
799,0.004202544689178467
1421,0.9925839900970459
3542,0.992591381072998
603,0.0007784366607666016
756,0.9925897121429443
7291,0.0006484389305114746
5913,0.9925704598426819
4158,0.0006108283996582031
357,0.0006256103515625
1705,0.0006169974803924561
6639,0.0006122589111328125
5605,0.9925680756568909
380,0.0006079971790313721
1649,0.000609666109085083
5867,0.9925850629806519
1442,0.0006198883056640625
1471,0.0007063746452331543
1088,0.002271294593811035
649,0.0041287243366241455
7338,0.0011339187622070312
7612,0.0006095170974731445
6797,0.0006107985973358154
3168,0.0006130635738372803
6552,0.004215121269226074
2444,0.9925976991653442
1252,0.9925978183746338
3654,0.9925811290740967
7718,0.0007057487964630127
5055,0.004206180572509766
3619,0.9925820827484131
604,0.9896461963653564
4879,0.9925870299339294
3234,0.992570161819458
5399,0.0006284117698669434
2334,0.9925706386566162
7746,0.9925919771194458
6794,0.992578387260437
2584,0.0006107687950134277
3217,0.000606536865234375
6804,0.992609977722168
8,0.0007050931453704834
3938,0.9925799369812012
1086,0.9925856590270996
4815,0.03660929203033447
6347,0.003384023904800415
3116,0.00410836935043335
2096,0.0008187294006347656
165,0.0006113946437835693
594,0.9925976991653442
7480,0.0006144046783447266
5827,0.0006548464298248291
2398,0.000605463981628418
3195,0.004231005907058716
1351,0.0006096363067626953
5664,0.00428241491317749
2014,0.0007131695747375488
2250,0.964531421661377
6918,0.9915047883987427
4829,0.000612407922744751
4339,0.0006113350391387939
1426,0.9925692677497864
4382,0.000789642333984375
5675,0.9926170110702515
2570,0.0007263422012329102
2826,0.9925752878189087
4215,0.9925746917724609
6467,0.9925897121429443
5616,0.0006392300128936768
4823,0.0009933710098266602
2553,0.992571234703064
873,0.9925868511199951
6923,0.0006636977195739746
5392,0.9925863742828369
3918,0.9925739765167236
1225,0.03840973973274231
2192,0.000614553689956665
2240,0.9925801753997803
5995,0.992576003074646
1971,0.0006096959114074707
5075,0.9926289916038513
809,0.0006542205810546875
5620,0.0006594359874725342
5006,0.0006048381328582764
5798,0.9925780296325684
2042,0.9925822019577026
4888,0.0006094276905059814
2089,0.004018872976303101
2809,0.0006125271320343018
6818,0.9925752878189087
7143,0.9926173686981201
7627,0.004038870334625244
373,0.9925909638404846
1612,0.9925838708877563
6245,0.004322916269302368
515,0.9925706386566162
2160,0.9925800561904907
3057,0.0008397698402404785
1814,0.9925779104232788
6438,0.0006552338600158691
7477,0.0010433495044708252
2059,0.0006878674030303955
5623,0.0006072819232940674
2376,0.00064849853515625
5438,0.0032264888286590576
3152,0.0006141364574432373
2112,0.9925737380981445
5771,0.9925680160522461
2048,0.0007244646549224854
5042,0.9926216006278992
6723,0.9926025867462158
2489,0.0006105303764343262
18,0.0006312429904937744
2873,0.0006171464920043945
3040,0.9926093816757202
797,0.004274129867553711
50,0.9925824403762817
1816,0.00425797700881958
2578,0.9925708770751953
183,0.9925794005393982
879,0.0009173154830932617
1350,0.9925783276557922
1857,0.992569625377655
3035,0.9925692081451416
7809,0.9925873875617981
4642,0.0006330013275146484
2797,0.9925875663757324
6071,0.03189036250114441
2216,0.0009339749813079834
7485,0.9925824403762817
6634,0.026071012020111084
265,0.0006084442138671875
4600,0.004329115152359009
1967,0.0008346438407897949
1991,0.00101548433303833
4095,0.0045223236083984375
5510,0.992606520652771
5571,0.9925808310508728
7137,0.9926210641860962
231,0.0006271004676818848
3364,0.004356056451797485
118,0.0007876455783843994
6555,0.0006110072135925293
4718,0.9925674796104431
6317,0.0006091892719268799
7493,0.9925674200057983
1832,0.9925962686538696
6677,0.0007748603820800781
5964,0.9926092028617859
6633,0.9925711154937744
5249,0.0043080151081085205
3817,0.0006143748760223389
6168,0.004264146089553833
1231,0.9925718307495117
7227,0.9926003217697144
914,0.0032304227352142334
6464,0.04299154877662659
1730,0.004181891679763794
5188,0.9925742745399475
3620,0.9925746917724609
2801,0.0042095184326171875
98,0.992573618888855
6322,0.9925728440284729
7715,0.9925969839096069
1413,0.004372537136077881
4324,0.992586076259613
245,0.9925705790519714
714,0.0006336569786071777
2753,0.992583155632019
3886,0.992570161819458
7633,0.0009860992431640625
395,0.0006582736968994141
2734,0.0010002851486206055
6667,0.9926270842552185
4191,0.0006178319454193115
89,0.00061073899269104
7155,0.000619053840637207
1820,0.004121840000152588
6774,0.0006275177001953125
6769,0.0006097555160522461
2997,0.0008483827114105225
6302,0.0055984556674957275
1241,0.3376633822917938
5492,0.9925743341445923
5495,0.0006074309349060059
6343,0.0006274878978729248
1561,0.5485806465148926
1020,0.0007605552673339844
5087,0.00407254695892334
5587,0.0009217262268066406
3736,0.9925703406333923
84,0.0006074011325836182
2139,0.9925748109817505
2632,0.0006065070629119873
4087,0.0006118714809417725
2573,0.0039694905281066895
1246,0.9925855398178101
3059,0.0006100237369537354
7577,0.9925732612609863
4085,0.0006090700626373291
6547,0.0008239150047302246
1702,0.0007140636444091797
4686,0.004266858100891113
4551,0.0006101727485656738
1739,0.0006088018417358398
3760,0.9925832748413086
1449,0.9925791025161743
2562,0.002624034881591797
7066,0.0006183981895446777
2746,0.9925729036331177
1611,0.0006088912487030029
2356,0.99257892370224
1285,0.0006107687950134277
5725,0.0007748603820800781
7570,0.9925722479820251
133,0.0006359219551086426
24,0.9925680160522461
4835,0.0006740093231201172
477,0.0006307065486907959
1890,0.9926291704177856
5337,0.9925777316093445
678,0.2681868374347687
4942,0.9925962686538696
5133,0.0006079375743865967
3637,0.024046897888183594
3375,0.0008545815944671631
5986,0.0007932782173156738
997,0.000671684741973877
5011,0.0006122887134552002
2891,0.0006118118762969971
7711,0.9925765991210938
5938,0.9925708174705505
537,0.0006282031536102295
1302,0.0006088018417358398
6630,0.9925718307495117
752,0.003956437110900879
2988,0.004727780818939209
3335,0.9925761222839355
3980,0.9921650886535645
1372,0.0006119310855865479
5876,0.0034981966018676758
7647,0.0006141960620880127
5205,0.0006141066551208496
4624,0.9926269054412842
4685,0.0005585551261901855
4367,0.0022185146808624268
1441,0.0012530088424682617
926,0.9925759434700012
6821,0.9925694465637207
501,0.0006112754344940186
950,0.992577314376831
126,0.0005922019481658936
79,0.0006263554096221924
533,0.0030006468296051025
2304,0.9925692081451416
2756,0.0027907490730285645
5743,0.0022957921028137207
2106,0.0029647350311279297
4641,0.9925719499588013
3664,0.0006243884563446045
5402,0.0006064474582672119
3615,0.0008796453475952148
1068,0.9925718903541565
6885,0.9925694465637207
7259,0.9925664663314819
7220,0.9925923347473145
692,0.0007737874984741211
7430,0.0007224678993225098
6246,0.0008528232574462891
1983,0.9926263093948364
6980,0.0043066442012786865
4874,0.0006188750267028809
7730,0.9925873875617981
4967,0.0037536025047302246
2742,0.0006074905395507812
1874,0.0033891797065734863
1674,0.9925781488418579
593,0.0006736814975738525
1791,0.0006069839000701904
6441,0.9925772547721863
3493,0.0006085038185119629
3184,0.0006085038185119629
7837,0.9925673007965088
5083,0.9923884868621826
7514,0.0006624758243560791
7551,0.0006251037120819092
3494,0.0006043314933776855
5156,0.0008365809917449951
6108,0.0029189586639404297
628,0.003884345293045044
4094,0.9925808310508728
2292,0.9925715923309326
4156,0.0006073415279388428
3433,0.0008112490177154541
3247,0.0006270706653594971
448,0.9925895929336548
2995,0.0006078481674194336
6044,0.9796416759490967
1506,0.9925858378410339
1202,0.0007024109363555908
3648,0.9925915002822876
1111,0.0006255805492401123
2395,0.0006086826324462891
6881,0.992577075958252
1362,0.9925844669342041
2610,0.9925830364227295
7194,0.9925695657730103
162,0.9925673007965088
2386,0.9926267862319946
3497,0.9906644821166992
123,0.0007877349853515625
6735,0.9925793409347534
5153,0.0008910894393920898
899,0.9925833940505981
3686,0.000626683235168457
5131,0.000693589448928833
7763,0.9925800561904907
1915,0.9925702214241028
6315,0.9926009774208069
2818,0.9925801753997803
1345,0.0006549358367919922
3197,0.0006260871887207031
3077,0.0006084144115447998
3303,0.9925676584243774
5721,0.0006150901317596436
1933,0.9925811290740967
3213,0.0014690756797790527
4423,0.0006102025508880615
6349,0.9925767779350281
2465,0.0011865794658660889
2167,0.9925984144210815
4102,0.9925708174705505
44,0.9925678968429565
1854,0.0006090700626373291
1770,0.9925804138183594
6617,0.9925877451896667
4972,0.992581844329834
5228,0.002943664789199829
1936,0.9925758838653564
6798,0.9925941228866577
5918,0.9926280975341797
1789,0.0006207525730133057
4814,0.0041641294956207275
3911,0.0043007731437683105
2497,0.0028789639472961426
3495,0.9925750494003296
3478,0.0013506412506103516
7192,0.0041113197803497314
3595,0.9925789833068848
5758,0.0006520748138427734
7312,0.0027830004692077637
1013,0.0006096959114074707
481,0.0006535053253173828
4266,0.0006212294101715088
4706,0.0006621778011322021
3336,0.9925676584243774
4362,0.0006065666675567627
1307,0.004257887601852417
4023,0.9925786256790161
1576,0.0008490383625030518
4422,0.003945112228393555
2491,0.992570161819458
5236,0.0006169676780700684
6007,0.9925755858421326
4913,0.0006074309349060059
7822,0.9925777316093445
1889,0.9925892353057861
6026,0.9925719499588013
7517,0.17797842621803284
1293,0.9925674200057983
297,0.9925746917724609
2132,0.992568850517273
4115,0.0006215572357177734
696,0.0006087720394134521
6116,0.9925681352615356
5391,0.9925788640975952
3678,0.992573618888855
7335,0.0006097555160522461
1987,0.9922056198120117
4761,0.0006131827831268311
5855,0.0007010698318481445
2485,0.0006109774112701416
4542,0.9925774335861206
1510,0.9925780296325684
1440,0.0006087124347686768
6903,0.9925912618637085
3021,0.9925727844238281
3954,0.000628054141998291
4562,0.9925704002380371
6693,0.9925714731216431
619,0.9925787448883057
3835,0.9925698637962341
655,0.0006294846534729004
3546,0.9926292896270752
7370,0.004750370979309082
6706,0.0006089508533477783
3768,0.9925724267959595
4183,0.0009279251098632812
6906,0.9926285743713379
6085,0.0006279349327087402
2779,0.001074671745300293
900,0.03373211622238159
4013,0.0006095468997955322
204,0.0006150305271148682
1370,0.0006390810012817383
6237,0.9926129579544067
11,0.0006361305713653564
3181,0.9925684928894043
5479,0.9925726652145386
6698,0.9925860166549683
6502,0.000688403844833374
76,0.0006139576435089111
3288,0.0007679462432861328
5300,0.9925397634506226
1430,0.9925930500030518
7703,0.0006080269813537598
3208,0.9925753474235535
1550,0.0009223222732543945
27,0.0007388591766357422
6225,0.9925829172134399
6786,0.0006777942180633545
6631,0.9925717115402222
7610,0.0006042122840881348
2394,0.0006080865859985352
7459,0.9925686120986938
7460,0.9925728440284729
1762,0.992592990398407
3365,0.0006087124347686768
3646,0.4061318337917328
3987,0.9926221370697021
3504,0.0006477534770965576
2526,0.9925691485404968
4753,0.0006104707717895508
6394,0.0006352066993713379
6195,0.0030593574047088623
961,0.0006055235862731934
1038,0.9925746321678162
1841,0.9925719499588013
6138,0.0006388425827026367
5924,0.0006664097309112549
3109,0.0006111562252044678
2385,0.9925731420516968
3582,0.0006261467933654785
1521,0.0006084442138671875
5712,0.9925789833068848
6417,0.0006389617919921875
5931,0.000610053539276123
7783,0.0006130337715148926
4854,0.9925799369812012
306,0.9926266670227051
2823,0.9925942420959473
2630,0.0006313621997833252
7739,0.9925780296325684
3971,0.9925812482833862
2208,0.9926260709762573
1931,0.9925872087478638
1750,0.0006276071071624756
2024,0.002920299768447876
1374,0.0006104111671447754
3056,0.0008030235767364502
2701,0.0007924735546112061
1883,0.9926065802574158
7169,0.9925919771194458
2202,0.7520782947540283
4209,0.0010211169719696045
6711,0.0006072819232940674
5511,0.9925761222839355
5415,0.9925707578659058
5906,0.0006080865859985352
5370,0.9925854802131653
6751,0.0006096363067626953
7139,0.9583274722099304
925,0.0006118416786193848
4110,0.0006070137023925781
5932,0.00428926944732666
6296,0.9925642013549805
5420,0.9925979971885681
375,0.002652108669281006
2576,0.9925873279571533
3749,0.0006192922592163086
1906,0.0007107853889465332
1143,0.0029308199882507324
2159,0.0047675371170043945
2260,0.00372314453125
3485,0.9925723671913147
391,0.0006162822246551514
6935,0.0006089210510253906
2380,0.9925695657730103
2286,0.9925726652145386
1595,0.9925768375396729
4374,0.9925825595855713
1167,0.0007647275924682617
7636,0.000608295202255249
3193,0.0006313621997833252
2038,0.0041512250900268555
5290,0.0006175637245178223
7049,0.992576003074646
4840,0.00060996413230896
6129,0.0006711483001708984
7538,0.0005784928798675537
1049,0.0006589591503143311
310,0.07845830917358398
3729,0.9925837516784668
2739,0.0006231963634490967
1460,0.9926056265830994
6908,0.9925776720046997
3438,0.0029601454734802246
3036,0.0006144344806671143
1618,0.9925792217254639
4063,0.0006493031978607178
3291,0.0006075203418731689
4123,0.9925887584686279
3538,0.0006257891654968262
2771,0.0006090104579925537
2435,0.0006072521209716797
4299,0.9925786256790161
1265,0.0007393360137939453
3339,0.0006071627140045166
6662,0.12766358256340027
6279,0.9926139116287231
2978,0.9925923943519592
2673,0.0008626282215118408
4310,0.0006154179573059082
400,0.0027436017990112305
3404,0.9925965070724487
5230,0.9925721883773804
6123,0.9925721883773804
1764,0.0006149709224700928
4944,0.9925680160522461
2181,0.9925931096076965
3908,0.000613480806350708
5407,0.0006103515625
2213,0.9925799369812012
2583,0.9925758242607117
4043,0.0006050467491149902
4696,0.00394633412361145
4573,0.0006708800792694092
2283,0.9925777912139893
814,0.9925882816314697
5427,0.0008515715599060059
7775,0.9926241040229797
3794,0.992570698261261
502,0.0006230175495147705
1027,0.0005442500114440918
6436,0.9925792217254639
3517,0.0006639361381530762
4439,0.0006155669689178467
5799,0.0006427764892578125
3847,0.0008065104484558105
955,0.0006125569343566895
5560,0.04436075687408447
1713,0.9925745725631714
6518,0.0008345246315002441
1156,0.9925953149795532
2158,0.9925787448883057
4912,0.0006112158298492432
1208,0.0006073117256164551
7650,0.9925931692123413
3130,0.0006209909915924072
640,0.000612109899520874
3290,0.000608980655670166
1840,0.9925768971443176
5274,0.9925785064697266
417,0.9839011430740356
1410,0.9925706386566162
6060,0.9926096200942993
1075,0.9925722479820251
4725,0.0006095468997955322
4691,0.9925732016563416
3741,0.9925861954689026
3716,0.0033523738384246826
113,0.000629425048828125
3357,0.9925761818885803
4035,0.0006196498870849609
4154,0.9926029443740845
2447,0.992548942565918
2993,0.9925859570503235
600,0.9926015138626099
4909,0.000609278678894043
627,0.992572546005249
1843,0.9925787448883057
1796,0.0006872117519378662
1597,0.9925715923309326
3755,0.0006655752658843994
1186,0.9925795793533325
5467,0.0007767081260681152
5889,0.9925793409347534
6242,0.0006060600280761719
3253,0.9926080107688904
2509,0.0032726526260375977
6050,0.0006106793880462646
6337,0.0006319284439086914
4340,0.9925872087478638
3566,0.9925801157951355
2540,0.9926111698150635
1929,0.0006071925163269043
952,0.9925884008407593
6720,0.9879705905914307
608,0.0006256401538848877
7773,0.9925685524940491
4764,0.9926106929779053
368,0.9925733804702759
5196,0.9925891757011414
7700,0.9925706386566162
5877,0.0009092390537261963
95,0.9925847053527832
7203,0.000718921422958374
1809,0.9926148653030396
1064,0.9925714135169983
2625,0.0007145404815673828
834,0.0006150007247924805
6154,0.9925826787948608
7241,0.004453897476196289
1420,0.0006049871444702148
5894,0.9925700426101685
2494,0.9925715923309326
5842,0.9925758838653564
3882,0.0006137490272521973
5331,0.9925708770751953
6033,0.9839827418327332
2549,0.00061073899269104
2122,0.000610649585723877
2804,0.0023772716522216797
5563,0.08618074655532837
1738,0.0030875205993652344
5710,0.9926143288612366
6629,0.0006627440452575684
4973,0.9899584650993347
3890,0.9925844073295593
7662,0.0006817877292633057
3594,0.9925717711448669
2791,0.0008296966552734375
6853,0.992569088935852
2729,0.9925777316093445
1243,0.0006223320960998535
4234,0.0006086528301239014
5505,0.0006080865859985352
246,0.9925676584243774
6753,0.0009777843952178955
5341,0.003407686948776245
870,0.992586076259613
5809,0.0007107555866241455
4196,0.9925740957260132
5132,0.0006138384342193604
1711,0.005012333393096924
6837,0.022909998893737793
7596,0.000615924596786499
1323,0.9925728440284729
7248,0.0013090670108795166
7693,0.000679701566696167
882,0.0006726980209350586
2650,0.9925884008407593
5134,0.992577314376831
3951,0.0007512867450714111
6169,0.9925799369812012
4671,0.99257892370224
2767,0.0006400346755981445
2179,0.9925748705863953
6991,0.992618203163147
1182,0.9926088452339172
6010,0.0006316304206848145
5342,0.0029114186763763428
491,0.9925867915153503
3661,0.000608593225479126
2665,0.9925699234008789
141,0.992574155330658
345,0.992572546005249
2853,0.9650425314903259
2087,0.0006171166896820068
5948,0.9925765991210938
4583,0.992581307888031
1147,0.000614851713180542
919,0.9925791621208191
1697,0.0042469799518585205
2013,0.9925987720489502
3701,0.9921942353248596
7159,0.0006914734840393066
3663,0.0006665587425231934
4392,0.9926177263259888
535,0.000649571418762207
3774,0.9925793409347534
5198,0.9925673007965088
2214,0.0006117522716522217
2790,0.0006124973297119141
4145,0.9925878047943115
496,0.9925767183303833
3557,0.0006095468997955322
200,0.0006522536277770996
2841,0.0008633136749267578
7103,0.9926125407218933
6681,0.9925945401191711
1172,0.9925702214241028
6604,0.0006304383277893066
6107,0.0006080269813537598
5974,0.9925836324691772
5360,0.000605851411819458
2703,0.9923375844955444
7305,0.0007538497447967529
4144,0.9925719499588013
1328,0.9925703406333923
5500,0.004111528396606445
2230,0.0005357563495635986
2365,0.0007322728633880615
3986,0.9925867319107056
5885,0.9926036596298218
1089,0.004213213920593262
5336,0.9925732612609863
1710,0.9925792217254639
7556,0.9926169514656067
3508,0.0006094276905059814
5989,0.0008772909641265869
844,0.9926236867904663
1279,0.0006405115127563477
7314,0.9925692081451416
7290,0.9925734996795654
7056,0.0006069839000701904
3831,0.9925794005393982
3621,0.9925774335861206
146,0.000606924295425415
6656,0.9925705194473267
2700,0.9925771355628967
7075,0.02918800711631775
2190,0.0006124675273895264
2785,0.0006058216094970703
1382,0.992572546005249
2902,0.9925748109817505
2947,0.9925758242607117
7549,0.9925806522369385
6490,0.9925683736801147
585,0.0006212592124938965
584,0.0006116330623626709
5289,0.0006197988986968994
1684,0.0029730498790740967
2100,0.9925876259803772
5727,0.9925674796104431
7018,0.9925292730331421
5090,0.0029740333557128906
3275,0.0006308853626251221
7644,0.9925088882446289
4462,0.0009759664535522461
5450,0.9924584627151489
622,0.9926230311393738
3132,0.992594838142395
3080,0.0006080865859985352
3816,0.0006138384342193604
7264,0.9925975203514099
4715,0.9925843477249146
7098,0.0006307363510131836
3669,0.00275266170501709
1535,0.0006229877471923828
6042,0.9925678968429565
2536,0.0029356181621551514
3377,0.0006071627140045166
1727,0.9925780892372131
2390,0.0006086230278015137
5574,0.9925699234008789
5983,0.0006760954856872559
4443,0.9926023483276367
7815,0.0008219778537750244
1367,0.0008734464645385742
4187,0.9925850629806519
7684,0.0006157159805297852
1093,0.0006698071956634521
495,0.9925955533981323
2143,0.0010248422622680664
6970,0.000659257173538208
4959,0.0008164942264556885
572,0.992576003074646
5222,0.9925680160522461
2400,0.0006583333015441895
6241,0.004265278577804565
5181,0.0006123483180999756
2591,0.03542846441268921
3747,0.004578202962875366
5037,0.0006600916385650635
3579,0.0006301999092102051
5996,0.9925485849380493
412,0.9925916194915771
2136,0.9926032423973083
5703,0.0008276402950286865
7011,0.004582077264785767
5618,0.002699047327041626
7717,0.000609278678894043
322,0.0006151199340820312
1060,0.9924560785293579
93,0.9925843477249146
1761,0.9635319113731384
1745,0.0006090402603149414
6229,0.9925850629806519
2227,0.9925858378410339
262,0.0009899735450744629
777,0.0006101131439208984
6407,0.9925686120986938
7441,0.9926291108131409
990,0.9925713539123535
1842,0.9925809502601624
2859,0.9925706386566162
6981,0.0006205141544342041
6943,0.9925917387008667
1148,0.9925767183303833
5328,0.9925681352615356
2949,0.9922693371772766
5935,0.0013820230960845947
778,0.9925698041915894
5349,0.9926177263259888
6153,0.992572009563446
78,0.004612654447555542
5529,0.0006330907344818115
5698,0.0006446540355682373
6780,0.0006907284259796143
5088,0.0006090998649597168
2371,0.0006117522716522217
1115,0.003204137086868286
2093,0.0006187558174133301
3665,0.0006687045097351074
573,0.9925704002380371
2339,0.0006097257137298584
5034,0.9926270246505737
203,0.0006148219108581543
1858,0.0007235109806060791
4768,0.0006256401538848877
5860,0.9926228523254395
4179,0.9833735227584839
1921,0.001985490322113037
4280,0.004706382751464844
3956,0.0006108880043029785
5501,0.0006128847599029541
6709,0.0006114542484283447
4963,0.0007811188697814941
2170,0.9925764799118042
2968,0.0029031038284301758
6974,0.004305094480514526
1846,0.9926215410232544
3173,0.9925966262817383
3212,0.9918646812438965
5124,0.005467265844345093
4808,0.0006163120269775391
827,0.0006898939609527588
6319,0.0006314516067504883
2723,0.0006114542484283447
7667,0.00526660680770874
6150,0.9925923943519592
1392,0.9925699234008789
2375,0.9926290512084961
4896,0.0006070137023925781
2199,0.9925847053527832
816,0.992588996887207
2612,0.005154341459274292
58,0.0006086528301239014
1825,0.023514986038208008
4221,0.9925678968429565
6173,0.9919469952583313
242,0.9925791025161743
5490,0.9925862550735474
1688,0.9924430847167969
7063,0.0006738603115081787
3984,0.0006181597709655762
5756,0.0006937086582183838
318,0.0006224513053894043
6941,0.004287123680114746
1470,0.0006208717823028564
1386,0.0006119608879089355
6506,0.0006125271320343018
5590,0.0006181001663208008
5561,0.000816643238067627
6147,0.0006711184978485107
1377,0.9925973415374756
6993,0.0006245672702789307
168,0.0006100833415985107
4509,0.9925826787948608
5258,0.0006170570850372314
6807,0.0006483793258666992
418,0.992600679397583
257,0.0006644129753112793
5195,0.9925863146781921
2754,0.9925724267959595
2428,0.0006174445152282715
7811,0.0006218850612640381
2567,0.0006845593452453613
1588,0.9925734996795654
3979,0.9926011562347412
5833,0.0006136596202850342
769,0.0008289217948913574
5776,0.9925743341445923
6988,0.05889520049095154
7008,0.9925867915153503
4303,0.0006060898303985596
6120,0.9925713539123535
4757,0.9925734400749207
3988,0.9925704598426819
6309,0.0043076276779174805
6607,0.9921802878379822
3321,0.0006624162197113037
5522,0.0006107091903686523
7434,0.9925867915153503
725,0.9926059246063232
7756,0.0006133317947387695
569,0.9925757646560669
3103,0.9925878047943115
1334,0.9925837516784668
2548,0.0006604492664337158
5449,0.9925763607025146
71,0.9925746917724609
2856,0.0006122589111328125
410,0.0006097257137298584
2501,0.0007874071598052979
7823,0.9925802946090698
7706,0.9925699234008789
1155,0.0007316470146179199
2690,0.99256831407547
1892,0.9925732612609863
6799,0.9926068782806396
3440,0.0006229579448699951
4789,0.9923666715621948
6647,0.0006119608879089355
237,0.9925841093063354
2288,0.0029819607734680176
4748,0.003960698843002319
7654,0.9925681352615356
6219,0.00410008430480957
2072,0.9925687313079834
2255,0.9925761222839355
5141,0.992572546005249
7254,0.9925870895385742
5817,0.9925813674926758
2718,0.000608593225479126
1787,0.0006465017795562744
7044,0.98949134349823
6590,0.0006151795387268066
5377,0.0006688237190246582
5286,0.000614464282989502
4040,0.9925754070281982
6846,0.9926059246063232
2084,0.0006734728813171387
7527,0.9925730228424072
3458,0.9925867319107056
3305,0.0009782910346984863
1865,0.9925717711448669
2176,0.9925768375396729
2874,0.000728607177734375
4045,0.992612361907959
1650,0.0006255507469177246
4727,0.0006078779697418213
1771,0.0008589029312133789
6874,0.0006334483623504639
4836,0.11618274450302124
2078,0.9925800561904907
174,0.000607907772064209
3524,0.0006029903888702393
3585,0.0006172358989715576
7788,0.992577314376831
1581,0.00214231014251709
1965,0.9925720691680908
4079,0.0007239878177642822
7042,0.9925918579101562
821,0.9926291704177856
2393,0.0006343424320220947
4052,0.9925811886787415
6227,0.9925802946090698
922,0.045485228300094604
6907,0.9925713539123535
5659,0.9926235675811768
6946,0.9925969243049622
651,0.9926068782806396
363,0.0006086230278015137
5393,0.992615818977356
4322,0.0006471574306488037
7542,0.9925705194473267
7392,0.992581844329834
2212,0.9925705194473267
97,0.0006146132946014404
372,0.992584764957428
4621,0.9926123023033142
3888,0.9926124811172485
4750,0.0006116330623626709
5203,0.9925723075866699
6424,0.9925860166549683
1512,0.004279732704162598
1322,0.0006554126739501953
1490,0.9926000833511353
1522,0.0006573200225830078
735,0.0006176233291625977
2559,0.9925751686096191
3121,0.9925696849822998
1747,0.9925772547721863
4738,0.9925825595855713
3149,0.9925883412361145
4657,0.0006656646728515625
4482,0.000616908073425293
7727,0.992592453956604
440,0.0006456077098846436
137,0.99256831407547
7243,0.0008496940135955811
6611,0.004230886697769165
3400,0.9925797581672668
6670,0.9925689697265625
3813,0.00063285231590271
5412,0.9925700426101685
5990,0.0006065666675567627
1436,0.9925773739814758
4611,0.9925717115402222
6772,0.004715710878372192
7601,0.9925705194473267
1217,0.000762939453125
2921,0.004159420728683472
3367,0.9926040172576904
5785,0.9925880432128906
5502,0.9925971031188965
3162,0.0006037354469299316
3222,0.0030177533626556396
1184,0.9926091432571411
5797,0.9926268458366394
859,0.0007254481315612793
6676,0.000641167163848877
4364,0.0006083548069000244
3286,0.0006440877914428711
2129,0.9926270246505737
4986,0.021495193243026733
2200,0.0006090700626373291
2807,0.0006433427333831787
1812,0.9925743937492371
5548,0.0006422698497772217
2033,0.9926018714904785
434,0.0043408870697021484
1037,0.992624044418335
1467,0.0006067752838134766
4564,0.9925774335861206
2053,0.9925706386566162
1606,0.0006118118762969971
4958,0.0045497119426727295
7456,0.0006091892719268799
7516,0.0006893277168273926
7789,0.9925770163536072
5096,0.0006107985973358154
7622,0.9925934672355652
2117,0.0006086826324462891
5071,0.0006611049175262451
4720,0.9926247596740723
6985,0.9926189184188843
6288,0.0006562769412994385
4707,0.0006926953792572021
1024,0.000613093376159668
5513,0.9925681352615356
3692,0.001046895980834961
3191,0.0010582208633422852
3045,0.9925830960273743
6342,0.9925098419189453
1154,0.9925738573074341
5255,0.9926241040229797
6290,0.00428047776222229
602,0.9926220178604126
7761,0.4058209955692291
575,0.0006700456142425537
2010,0.9925742149353027
4493,0.00190812349319458
3214,0.0006248354911804199
6538,0.0005247294902801514
4350,0.992583155632019
2832,0.9925899505615234
1637,0.004416018724441528
7271,0.9926232099533081
956,0.0006160736083984375
2298,0.9925817251205444
3829,0.9925709962844849
6603,0.9925837516784668
545,0.992568850517273
1160,0.9925696849822998
2847,0.0007045269012451172
6034,0.992590069770813
356,0.0006247758865356445
3231,0.9925718307495117
3215,0.004852861166000366
2475,0.9925757646560669
6101,0.04024425148963928
4670,0.9925888776779175
6075,0.9925898313522339
6796,0.9926093816757202
2092,0.0006595253944396973
4993,0.0009297430515289307
5568,0.9925878047943115
1552,0.0007820725440979004
2640,0.9926213026046753
7144,0.0005609989166259766
7015,0.004217684268951416
2455,0.0006060004234313965
7346,0.9925879240036011
2662,0.9926184415817261
263,0.0006113946437835693
5082,0.9925745725631714
7562,0.9925687313079834
7216,0.992617130279541
3745,0.0006165206432342529
1210,0.0006157755851745605
7676,0.9925777316093445
6554,0.0007611215114593506
321,0.004558354616165161
3479,0.0007299482822418213
1022,0.0006156563758850098
5301,0.9915018081665039
5992,0.992577075958252
895,0.004429608583450317
3799,0.992568850517273
7791,0.005011111497879028
1319,0.0006161034107208252
7726,0.0006093084812164307
3647,0.9925750494003296
6452,0.000806957483291626
6115,0.0006190240383148193
880,0.0006075203418731689
5681,0.9925700426101685
6673,0.0006165504455566406
822,0.0049783289432525635
2110,0.9925858378410339
4395,0.0006182193756103516
6359,0.9925727844238281
7579,0.0006071031093597412
968,0.004266887903213501
4248,0.9925872087478638
5232,0.9925728440284729
1590,0.9926292896270752
6012,0.00469931960105896
7653,0.9925817251205444
6177,0.9925755262374878
3395,0.9925785064697266
846,0.0006120800971984863
3649,0.9926266670227051
2307,0.0007543265819549561
4533,0.0006611347198486328
6519,0.992576539516449
1555,0.00412788987159729
6741,0.9925912618637085
3034,0.9925695657730103
2805,0.9925675392150879
1807,0.9925774335861206
5872,0.9816887378692627
5441,0.9925773739814758
5165,0.000643312931060791
787,0.0007441043853759766
470,0.0006137192249298096
3416,0.0006066858768463135
7623,0.9925771355628967
5718,0.0006710290908813477
4629,0.004522562026977539
6360,0.9925846457481384
1408,0.9926066994667053
1134,0.0006122291088104248
5528,0.0006094574928283691
3354,0.9926176071166992
4414,0.09029027819633484
5722,0.0006070435047149658
7557,0.9925763607025146
7755,0.023482084274291992
2882,0.9925842881202698
2644,0.9926289916038513
3347,0.0006101131439208984
5689,0.9925746917724609
1634,0.0008657276630401611
7799,0.9925704598426819
4,0.0006334483623504639
5504,0.9926294088363647
674,0.9925841093063354
1255,0.9925743341445923
5778,0.0006078779697418213
4435,0.000631183385848999
7641,0.9925690293312073
3019,0.9925742745399475
5988,0.0006881952285766602
4800,0.9925687313079834
2986,0.9925917387008667
2500,0.0009424984455108643
100,0.9926162362098694
1632,0.0006087124347686768
3482,0.0006177723407745361
1444,0.0032675862312316895
4625,0.9925912618637085
7175,0.0006679296493530273
1538,0.9925869703292847
1101,0.000716865062713623
4892,0.992580771446228
1258,0.0006082653999328613
7300,0.0006517171859741211
402,0.004250258207321167
5384,0.0006292462348937988
403,0.0008216500282287598
7148,0.9925813674926758
3257,0.9925905466079712
5595,0.0006073415279388428
5567,0.9925708770751953
6791,0.9907330274581909
6270,0.0006099343299865723
7421,0.992584228515625
606,0.0008928477764129639
5759,0.9925792217254639
5125,0.0006086826324462891
4825,0.0006138980388641357
5735,0.9925750494003296
967,0.0006323158740997314
5784,0.9925689697265625
6372,0.99257493019104
7671,0.0006348192691802979
2103,0.004306316375732422
906,0.0007094740867614746
4724,0.0008130669593811035
7202,0.9925995469093323
699,0.9925755858421326
4647,0.0007058978080749512
5112,0.9925936460494995
6390,0.0010287463665008545
441,0.0006130337715148926
2972,0.0006905496120452881
5357,0.027539223432540894
7649,0.002060115337371826
3326,0.9926126003265381
1407,0.992569625377655
1664,0.992570698261261
1267,0.0006170868873596191
2443,0.9925684332847595
6132,0.0006288588047027588
6609,0.004015117883682251
4444,0.9925800561904907
6890,0.0006118416786193848
1571,0.004231363534927368
5919,0.0007954239845275879
1835,0.9807427525520325
4997,0.9925706386566162
6694,0.9925891757011414
102,0.9925717711448669
1737,0.0006732046604156494
718,0.0006376504898071289
5471,0.0006076991558074951
1272,0.0006088018417358398
555,0.0008279383182525635
423,0.9925709366798401
1297,0.005731254816055298
3530,0.0006239116191864014
15,0.9925830364227295
4165,0.0006121397018432617
6252,0.03831854462623596
2030,0.0006077289581298828
7322,0.9925704002380371
7321,0.992534875869751
6595,0.9810153245925903
3618,0.9925788640975952
5151,0.000633925199508667
4927,0.031815409660339355
2840,0.004134476184844971
5585,0.9208095669746399
331,0.005742937326431274
6113,0.9925717115402222
7349,0.9926061630249023
863,0.9926004409790039
7482,0.0006109476089477539
6998,0.0006246864795684814
307,0.9925680160522461
1610,0.9926286935806274
4483,0.0006159543991088867
2220,0.004423260688781738
6236,0.9925704598426819
504,0.0006108582019805908
1644,0.9925687313079834
2234,0.9925762414932251
908,0.0006177723407745361
5048,0.9925682544708252
2116,0.9925679564476013
4545,0.9925675988197327
3696,0.0006868839263916016
241,0.9923532009124756
7640,0.0006299316883087158
7614,0.004813343286514282
4098,0.9925700426101685
7150,0.0006128251552581787
7618,0.992577314376831
1507,0.9926104545593262
5752,0.0008020102977752686
4235,0.9925965070724487
7519,0.9925824403762817
3845,0.0006103515625
6623,0.9925919771194458
7302,0.0006075799465179443
7304,0.0006091594696044922
5155,0.0006073415279388428
46,0.9926023483276367
5144,0.9925680160522461
7351,0.0006159543991088867
7087,0.0006088018417358398
6738,0.004288583993911743
3525,0.9925783276557922
1360,0.9925880432128906
2119,0.0028679966926574707
5821,0.9925908446311951
5292,0.0006109178066253662
2043,0.9924436211585999
2851,0.0037305355072021484
1428,0.9925825595855713
7076,0.9925847053527832
506,0.004269272089004517
876,0.9925757050514221
892,0.9925762414932251
5847,0.992594838142395
5684,0.9925830960273743
3590,0.0006057620048522949
5815,0.9925971031188965
1584,0.9923357963562012
7339,0.0006091594696044922
6380,0.9925696849822998
5269,0.9925706386566162
4328,0.9925779104232788
886,0.9925687909126282
5219,0.0042871832847595215
2865,0.9925696849822998
5790,0.9925767183303833
7097,0.9925827383995056
5057,0.9893121719360352
2326,0.0006066262722015381
2649,0.9925702214241028
5507,0.9925751686096191
6264,0.9926198720932007
5981,0.0006099939346313477
5729,0.9925762414932251
179,0.0007050633430480957
6285,0.0006141364574432373
9,0.0006427764892578125
86,0.0006157159805297852
1699,0.0008672773838043213
2005,0.006039440631866455
6155,0.003130495548248291
5634,0.9925903081893921
1621,0.988909125328064
4172,0.9926283359527588
4903,0.9925839304924011
2875,0.9926146268844604
7669,0.0006229281425476074
5456,0.9926060438156128
732,0.0010264813899993896
3549,0.9925754070281982
6562,0.0006093680858612061
6136,0.0027347803115844727
7138,0.0006158947944641113
1860,0.9925880432128906
4077,0.9926117658615112
252,0.9926102757453918
2517,0.9925732612609863
7660,0.9925726056098938
1758,0.9925837516784668
1400,0.000926673412322998
2000,0.0006076991558074951
2353,0.992570698261261
976,0.9925942420959473
3115,0.0006161928176879883
1118,0.0006104409694671631
101,0.9925838708877563
3636,0.0007589757442474365
5107,0.0006161034107208252
2557,0.0006139874458312988
2462,0.0006228387355804443
7419,0.000621795654296875
2760,0.0009250938892364502
720,0.992572009563446
6277,0.9925802946090698
6208,0.0006112456321716309
6834,0.0006586313247680664
3706,0.9925873875617981
6402,0.9925707578659058
3962,0.9925675392150879
3414,0.004607021808624268
5709,0.9925779104232788
7038,0.9925717115402222
617,0.0006098151206970215
1004,0.992587685585022
5303,0.04277881979942322
5316,0.0006079971790313721
7446,0.9925708770751953
4520,0.0006130337715148926
4630,0.9925708174705505
4637,0.0006090700626373291
1412,0.0006456077098846436
3932,0.0006080269813537598
1340,0.0006177127361297607
5951,0.0006260871887207031
700,0.9925718903541565
2819,0.00060996413230896
2469,0.9926100373268127
1524,0.0006536245346069336
3205,0.9925777316093445
3376,0.9925973415374756
6576,0.0006160140037536621
1778,0.0006203949451446533
2867,0.0006087124347686768
4202,0.0006294548511505127
3857,0.9925776720046997
7512,0.0006233453750610352
5770,0.9925973415374756
47,0.9925755858421326
4503,0.992591381072998
3337,0.9925881624221802
61,0.9925740957260132
5050,0.9925733804702759
444,0.0007821917533874512
2251,0.992572546005249
5186,0.0007809102535247803
6186,0.9925915002822876
6705,0.0006451606750488281
4302,0.001053839921951294
3033,0.004726052284240723
5389,0.004691809415817261
3510,0.0006181001663208008
665,0.9925686120986938
3738,0.0006078183650970459
156,0.9925704002380371
4708,0.9926292896270752
1401,0.0006153583526611328
2236,0.9926233291625977
2572,0.0006674230098724365
4769,0.0031867623329162598
5032,0.9925723075866699
1207,0.9925696849822998
5865,0.9925822615623474
298,0.9925998449325562
7397,0.0006031692028045654
7154,0.0007559061050415039
6691,0.9925930500030518
4260,0.0026242434978485107
4924,0.9925768375396729
1715,0.9925915002822876
5553,0.0006095468997955322
5423,0.0006268322467803955
1122,0.9925967454910278
4859,0.9925813674926758
4743,0.9926116466522217
6314,0.0007319748401641846
1106,0.0040877461433410645
2514,0.9925809502601624
4864,0.0006231069564819336
4065,0.0006101131439208984
3617,0.0005294382572174072
4410,0.0006122887134552002
835,0.9925727844238281
5102,0.9925887584686279
7438,0.0006077289581298828
3394,0.9925720691680908
6536,0.992583155632019
4354,0.9925849437713623
2571,0.0027789175510406494
5386,0.004636883735656738
2542,0.9925711154937744
771,0.0006266236305236816
416,0.9925899505615234
3955,0.0006056427955627441
1523,0.0006123483180999756
2277,0.0007797479629516602
6174,0.0006698668003082275
7816,0.003232806921005249
657,0.00458759069442749
3492,0.992576539516449
7035,0.9925892353057861
6413,0.0006543099880218506
1359,0.9925980567932129
5863,0.9926193952560425
1565,0.0006197094917297363
1790,0.9925768375396729
1811,0.9925743937492371
2566,0.0006742179393768311
6434,0.9925897121429443
4477,0.9925939440727234
1365,0.0006724298000335693
1214,0.0006154775619506836
5705,0.9925856590270996
615,0.0006238222122192383
6911,0.05230441689491272
5054,0.9925717115402222
7752,0.0006135106086730957
6668,0.9925689697265625
1534,0.9926068782806396
2382,0.9925838708877563
7719,0.0006744265556335449
3216,0.0008034408092498779
4871,0.9925745725631714
2674,0.0008121728897094727
6419,0.0006082057952880859
2849,0.0007133781909942627
5619,0.0006727874279022217
3533,0.004077613353729248
590,0.9925773739814758
4446,0.0006410479545593262
108,0.0006724894046783447
2157,0.9925692081451416
425,0.9925903677940369
1525,0.0006464719772338867
7367,0.9925702214241028
3317,0.9925824999809265
3877,0.0009378194808959961
2919,0.9925754070281982
1498,0.0006292164325714111
4177,0.9925771951675415
901,0.992572009563446
2079,0.9925715327262878
5138,0.9926122426986694
1497,0.000610053539276123
6067,0.9926289319992065
2777,0.9925840497016907
5291,0.0006075203418731689
3924,0.0006767511367797852
432,0.004148364067077637
7389,0.9925849437713623
7133,0.9925681352615356
5187,0.0006335973739624023
1560,0.9925796985626221
139,0.9925854802131653
2094,0.0006127655506134033
2940,0.0006485879421234131
4747,0.0006252825260162354
1131,0.9925819635391235
7179,0.0008865296840667725
1188,0.0006150007247924805
4007,0.0006163418292999268
554,0.0006165802478790283
2590,0.9925826787948608
4817,0.026550203561782837
5283,0.0006074309349060059
963,0.0006077289581298828
80,0.0006122291088104248
7609,0.0006263256072998047
6009,0.9925763607025146
5774,0.000660628080368042
4051,0.9925746917724609
7080,0.0006320178508758545
182,0.9926031827926636
4895,0.9925758242607117
5052,0.992578387260437
6882,0.9925792813301086
3819,0.9925678968429565
4839,0.000629812479019165
360,0.002803623676300049
5317,0.0010822713375091553
6480,0.0006157457828521729
3914,0.0006132423877716064
6969,0.9925745725631714
1780,0.992569625377655
6133,0.0006088018417358398
5074,0.0006183981895446777
6367,0.0009591281414031982
7410,0.005068063735961914
2960,0.9925723075866699
2209,0.9480431079864502
2616,0.9925740957260132
1223,0.9925850629806519
2963,0.9758539795875549
482,0.002368032932281494
332,0.0006168186664581299
547,0.9925695061683655
3728,0.9925765991210938
4203,0.9925746321678162
5878,0.000630497932434082
6334,0.000608593225479126
3523,0.9925823211669922
2399,0.0006148219108581543
4134,0.0006107091903686523
6959,0.9925685524940491
2064,0.0031726062297821045
694,0.0022014975547790527
2762,0.0006083250045776367
5293,0.9925694465637207
1264,0.0006589293479919434
2926,0.000614464282989502
7191,0.9926284551620483
2811,0.00061759352684021
5736,0.9925814867019653
2745,0.0006115138530731201
786,0.9914778470993042
2328,0.9925775527954102
4904,0.9926030039787292
494,0.9925768971443176
5767,0.9926285147666931
7348,0.992591381072998
3076,0.0006080269813537598
5411,0.9925940036773682
1685,0.9925717115402222
4106,0.0010103285312652588
562,0.0006070435047149658
1567,0.9925893545150757
7794,0.9925854206085205
3254,0.992570161819458
6922,0.0006275773048400879
1015,0.9925779104232788
5338,0.9925791025161743
1765,0.9926288723945618
7836,0.9923688173294067
6591,0.0006728470325469971
5808,0.0007814764976501465
280,0.0007963776588439941
4898,0.9926074743270874
5308,0.000735849142074585
7383,0.0007577240467071533
754,0.0039581358432769775
5200,0.9925698041915894
6182,0.19369378685951233
389,0.0006241500377655029
4554,0.0006083548069000244
3761,0.9925726652145386
5085,0.9925965666770935
4593,0.992583692073822
6330,0.0006085038185119629
1577,0.0006071925163269043
457,0.9926214218139648
5984,0.0006449222564697266
2602,0.0006356239318847656
1224,0.9925777912139893
4807,0.0006117522716522217
6987,0.992627739906311
6733,0.9925851821899414
1361,0.992578387260437
850,0.0006163120269775391
4798,0.0006119608879089355
267,0.0006407797336578369
768,0.0006064474582672119
5734,0.9925756454467773
2429,0.03700307011604309
6688,0.00060996413230896
6878,0.0006079673767089844
3043,0.9925754070281982
4413,0.9925810098648071
6074,0.0007410943508148193
5794,0.9925692081451416
4459,0.992628812789917
5639,0.992572009563446
5185,0.0012123286724090576
1048,0.0006113946437835693
6385,0.0005180835723876953
7475,0.992566704750061
5058,0.9925768971443176
7219,0.9925709962844849
248,0.9925971031188965
3767,0.9925981760025024
2012,0.9924324750900269
4469,0.9925801753997803
1249,0.9925745725631714
5939,0.9925724267959595
1923,0.0006178021430969238
1982,0.0029848814010620117
4016,0.0014338493347167969
1138,0.000748366117477417
4219,0.9926077127456665
5780,0.0006579756736755371
2962,0.9925915002822876
784,0.9925811290740967
4347,0.0006139278411865234
6888,0.0007187724113464355
4288,0.992569088935852
4766,0.9925723075866699
6223,0.9925713539123535
499,0.0007521510124206543
7491,0.992592453956604
2668,0.09844937920570374
5896,0.9925791025161743
3893,0.9925734996795654
35,0.03743651509284973
6283,0.9926135540008545
1740,0.0006349086761474609
1537,0.9925709962844849
2547,0.992571234703064
4848,0.992588996887207
59,0.9925749897956848
5122,0.0007831752300262451
507,0.0008557438850402832
7324,0.0006073713302612305
4076,0.9925907254219055
6731,0.0006078481674194336
7287,0.9925761222839355
6599,0.992605984210968
382,0.0006563663482666016
3825,0.9925737380981445
3941,0.9925891160964966
917,0.9925716519355774
3378,0.9926210641860962
2899,0.9925841093063354
4601,0.0006738007068634033
4820,0.9925701022148132
4886,0.0006139278411865234
5173,0.9925945401191711
5031,0.0006054043769836426
668,0.9925872683525085
3073,0.000657886266708374
1139,0.0006730854511260986
5287,0.0006123781204223633
7062,0.0006071627140045166
677,0.992567777633667
2049,0.9926184415817261
881,0.0006098747253417969
7294,0.9925867319107056
4797,0.9926044940948486
2895,0.9925863742828369
6410,0.9925771355628967
2660,0.9925740957260132
4852,0.0051007866859436035
2560,0.000761866569519043
5059,0.9925771951675415
6508,0.9925805330276489
5426,0.0006151199340820312
2683,0.0006082057952880859
6370,0.9925734400749207
2343,0.004234641790390015
1608,0.992572546005249
2864,0.9925851821899414
5073,0.9925730228424072
2458,0.0006094872951507568
7373,0.9925765991210938
1025,0.0006701648235321045
5437,0.9925789833068848
2651,0.003877788782119751
5933,0.0006232261657714844
3925,0.9925709962844849
287,0.0020607411861419678
3255,0.0006988346576690674
4078,0.0006069839000701904
7608,0.0006105601787567139
5843,0.06466543674468994
2467,0.9925746917724609
1198,0.0006129741668701172
1077,0.004287302494049072
2858,0.9925749897956848
1299,0.9926239252090454
5732,0.9925988912582397
3529,0.0028553009033203125
6909,0.9925740361213684
5072,0.9916547536849976
4785,0.992591142654419
1082,0.0006339550018310547
4428,0.9925732612609863
1135,0.004953980445861816
3601,0.034782081842422485
6388,0.0006071031093597412
3203,0.00420147180557251
6393,0.0006189644336700439
1418,0.0006597042083740234
523,0.9925800561904907
2907,0.0006080865859985352
6756,0.003432363271713257
5346,0.0006850361824035645
3491,0.9925690293312073
4608,0.9925844669342041
896,0.004374027252197266
2727,0.9925706386566162
7285,0.02393624186515808
6448,0.9925856590270996
6495,0.9925789833068848
5022,0.9925722479820251
4901,0.9925886392593384
6348,0.9925929307937622
1700,0.0006346404552459717
4341,0.9925836324691772
4421,0.9925735592842102
254,0.0006254315376281738
1309,0.000622481107711792
6692,0.9925764799118042
6329,0.0006587505340576172
3054,0.9925695657730103
2344,0.0006462037563323975
117,0.0006088912487030029
4387,0.0006066262722015381
5364,0.9925833344459534
823,0.0006093382835388184
4501,0.992584228515625
5053,0.9925715923309326
2201,0.003616422414779663
3046,0.9926023483276367
7000,0.0009119212627410889
683,0.9925796985626221
4918,0.9925711750984192
3165,0.0006231963634490967
5696,0.0008741915225982666
4377,0.9925987720489502
2944,0.0008094310760498047
6065,0.9925696849822998
1728,0.0008471012115478516
3985,0.9926105737686157
4296,0.9925872087478638
3668,0.0006052851676940918
7443,0.9925691485404968
1609,0.0006148219108581543
213,0.9844458103179932
1553,0.004893004894256592
887,0.0006473958492279053
6887,0.9925711154937744
825,0.0008405745029449463
1409,0.0006142556667327881
6618,0.9925791025161743
4101,0.9925761818885803
6660,0.9925814867019653
4584,0.992572546005249
5428,0.0016669034957885742
549,0.0006347894668579102
6632,0.000656813383102417
4117,0.9925897121429443
3293,0.0007059574127197266
5893,0.03254979848861694
232,0.004366666078567505
5589,0.0006532073020935059
3545,0.9925691485404968
4650,0.0007696747779846191
1289,0.004298985004425049
6425,0.9925695657730103
4678,0.0006402730941772461
782,0.9925947785377502
5253,0.0006076991558074951
2452,0.0006213784217834473
1817,0.9926229119300842
734,0.0006113946437835693
2223,0.0006191134452819824
623,0.9925791621208191
6962,0.000668942928314209
5967,0.0007012486457824707
2609,0.0006082057952880859
4582,0.9925711154937744
2722,0.9925742149353027
5105,0.0006139874458312988
430,0.0008533895015716553
1622,0.0006077289581298828
3442,0.0006095468997955322
3608,0.0006092190742492676
6928,0.0007047057151794434
1099,0.992595374584198
4813,0.9925914406776428
2463,0.0006080269813537598
7795,0.9926282167434692
5445,0.000667572021484375
5261,0.0006178319454193115
4893,0.0006205141544342041
6228,0.9925763607025146
4992,0.0046427249908447266
3691,0.9925787448883057
1212,0.0006080865859985352
3958,0.0006094276905059814
1862,0.9925792217254639
748,0.9925791025161743
5837,0.0006243586540222168
4669,0.9925750494003296
3540,0.9925727844238281
309,0.9925857186317444
5118,0.0006139874458312988
656,0.004287838935852051
6894,0.0034458935260772705
1256,0.9926242828369141
6076,0.004737883806228638
4786,0.0006949901580810547
6895,0.0006234049797058105
509,0.9925733208656311
1432,0.0006364881992340088
4861,0.0010276436805725098
1230,0.9926045536994934
2541,0.9925833344459534
6937,0.03983601927757263
1193,0.0006092190742492676
6494,0.025318026542663574
4805,0.003662407398223877
3118,0.9926068186759949
2379,0.9925771355628967
5657,0.9925761222839355
2311,0.0006224215030670166
4140,0.9925738573074341
4702,0.0006324946880340576
3005,0.0006099343299865723
654,0.992581844329834
420,0.006265789270401001
66,0.9925879240036011
7323,0.9925719499588013
703,0.992572546005249
1572,0.9925802946090698
565,0.9925851225852966
989,0.992572009563446
7409,0.0006148815155029297
7486,0.9925696849822998
6762,0.9925715923309326
7495,0.8037718534469604
579,0.004261314868927002
5220,0.992597758769989
1785,0.9925937652587891
3679,0.0006082057952880859
4168,0.9925670623779297
1625,0.0006816387176513672
274,0.0006159842014312744
7427,0.0008855164051055908
2910,0.0006133317947387695
6557,0.0006136596202850342
7378,0.0025252103805541992
3900,0.0007476806640625
6801,0.9925922751426697
3481,0.0009744465351104736
3880,0.0006357729434967041
2074,0.9925947189331055
5711,0.9925742745399475
6992,0.9804857969284058
7603,0.0042965710163116455
6491,0.9926022887229919
6701,0.003967314958572388
2561,0.004175007343292236
4740,0.0006115138530731201
5035,0.0006062984466552734
4705,0.0005359947681427002
344,0.0006096959114074707
4378,0.9925851821899414
6915,0.9925674200057983
6238,0.9925996661186218
7829,0.0006207823753356934
3972,0.0006055533885955811
1896,0.0007604360580444336
2041,0.9925762414932251
2558,0.9908587336540222
985,0.9925775527954102
3721,0.0006153583526611328
91,0.0006195008754730225
4692,0.9925693273544312
672,0.9926071166992188
5748,0.0006406605243682861
3385,0.0052484869956970215
288,0.0006142556667327881
2478,0.0006192922592163086
1530,0.0028442740440368652
4448,0.0008149147033691406
3702,0.9925816059112549
5764,0.9925724267959595
4204,0.0006181597709655762
94,0.0006483793258666992
1519,0.0008234679698944092
7006,0.0007939636707305908
893,0.9925973415374756
239,0.9926220178604126
5302,0.0025482177734375
5613,0.004165232181549072
995,0.002524822950363159
6047,0.0013359785079956055
5539,0.0007005631923675537
7651,0.9925797581672668
2081,0.9925708770751953
5227,0.0006691515445709229
1663,0.9926003813743591
3086,0.992585301399231
6654,0.9925777316093445
4032,0.0006993412971496582
358,0.0006068050861358643
4009,0.9926129579544067
3503,0.0006461441516876221
2545,0.9923210144042969
5832,0.0006160438060760498
3800,0.9925743937492371
5694,0.005749791860580444
7720,0.0008093118667602539
1949,0.9925789833068848
4873,0.000796198844909668
348,0.9925742149353027
4037,0.9925740957260132
719,0.0006212294101715088
6936,0.9090867638587952
1493,0.9925769567489624
4376,0.0006133317947387695
5260,0.9925772547721863
2404,0.9925811290740967
3160,0.9926068782806396
5731,0.992586612701416
3961,0.9925792217254639
1140,0.0006144344806671143
4124,0.9925700426101685
1568,0.9925758838653564
5804,0.0007916390895843506
6516,0.9925695657730103
7471,0.0006167590618133545
2407,0.0006740987300872803
6152,0.9926266670227051
1976,0.0006197988986968994
6350,0.9926080107688904
4400,0.0028809309005737305
6930,0.002205193042755127
4254,0.9925830364227295
4107,0.0008139312267303467
4949,0.9925984144210815
6398,0.003176867961883545
1659,0.0006064772605895996
7422,0.9925728440284729
3065,0.9925873875617981
5584,0.9925718903541565
6844,0.000609666109085083
6551,0.9925687313079834
7589,0.00125044584274292
1518,0.004837661981582642
4523,0.004272788763046265
3332,0.9926129579544067
5367,0.9925749897956848
2496,0.0006273984909057617
2055,0.9925825595855713
949,0.0006169974803924561
103,0.9925799369812012
4938,0.9926201105117798
3558,0.0006150603294372559
4731,0.9926196932792664
6561,0.0006958842277526855
7262,0.9925734400749207
4644,0.0007756054401397705
2641,0.000606536865234375
2278,0.0006787478923797607
3589,0.9925930500030518
736,0.0006154775619506836
542,0.9925801753997803
6848,0.0006633400917053223
1047,0.0006205737590789795
6596,0.00408521294593811
2406,0.9925683736801147
6312,0.9925706386566162
7183,0.0006314516067504883
3106,0.9925776720046997
6512,0.9926258325576782
3957,0.0006871521472930908
5216,0.0042257606983184814
7245,0.0006143748760223389
7034,0.9925702810287476
4796,0.0005200803279876709
4465,0.0006205439567565918
7265,0.9925745725631714
5016,0.9925783276557922
3097,0.0006268620491027832
6850,0.9750605821609497
3119,0.9925753474235535
4044,0.9925796985626221
2943,0.0006642341613769531
7400,0.9925916194915771
3403,0.992591142654419
2323,0.0006326138973236084
6477,0.0006075203418731689
149,0.0008936822414398193
1642,0.9925931096076965
3553,0.9925737977027893
1624,0.0008049607276916504
4778,0.027003735303878784
3993,0.0006479918956756592
1376,0.9925691485404968
7442,0.9925761222839355
3125,0.9925729036331177
5746,0.0008308887481689453
2906,0.0007942318916320801
6124,0.9925821423530579
2285,0.9925733804702759
2724,0.9925928115844727
234,0.0006096065044403076
865,0.9925886392593384
3935,0.03934624791145325
7368,0.992592453956604
7447,0.99260413646698
4256,0.0006638765335083008
5353,0.990393340587616
7268,0.0023547708988189697
943,0.9925931096076965
2127,0.992570161819458
3392,0.0006189048290252686
3660,0.09554141759872437
63,0.9925716519355774
6276,0.9925676584243774
1313,0.0006074011325836182
3591,0.9926110506057739
1035,0.004178345203399658
6758,0.0006079971790313721
3117,0.0009178221225738525
3693,0.0006074011325836182
7160,0.0006097257137298584
7010,0.9925743341445923
4485,0.000624239444732666
5171,0.9925745725631714
1457,0.9925718307495117
4654,0.9925745725631714
4049,0.9925695657730103
4273,0.9925827980041504
7195,0.9925739765167236
4161,0.0006136000156402588
1344,0.0006659030914306641
83,0.0006108283996582031
3807,0.018126457929611206
3192,0.0007676780223846436
6323,0.0006981492042541504
7073,0.9925857782363892
7827,0.9925759434700012
2008,0.9925754070281982
5811,0.0007164180278778076
1707,0.0006153285503387451
6427,0.0006288588047027588
7429,0.02137511968612671
518,0.9923620223999023
5157,0.0006530880928039551
2282,0.0265214741230011
2586,0.9925700426101685
5622,0.0006119906902313232
1221,0.9926139116287231
3087,0.9925761222839355
5036,0.9925820827484131
1508,0.0006196796894073486
5335,0.992594301700592
1687,0.004261136054992676
7088,0.0006071627140045166
5045,0.0006131231784820557
7267,0.9925676584243774
1474,0.9926292896270752
4193,0.9925721883773804
1446,0.0006211400032043457
2854,0.0006151199340820312
2502,0.0031905174255371094
4539,0.0006094276905059814
2927,0.9926120638847351
469,0.0006140172481536865
1717,0.9925681352615356
249,0.9902299046516418
7699,0.9925895929336548
4479,0.9926218390464783
404,0.0006163418292999268
1938,0.00072479248046875
3552,0.0006082057952880859
408,0.0015501677989959717
6833,0.9925699234008789
2848,0.0006174147129058838
2134,0.9925864338874817
3269,0.0006297826766967773
4956,0.9925826787948608
5395,0.00067138671875
4185,0.0008541345596313477
817,0.00077095627784729
583,0.0006485879421234131
5652,0.0006181299686431885
5202,0.992569625377655
2372,0.0009176135063171387
868,0.9925833940505981
6143,0.003950446844100952
6465,0.0006162524223327637
5485,0.9925746917724609
3137,0.9926084280014038
4763,0.9925978183746338
6093,0.9925789833068848
6471,0.0006566345691680908
7116,0.9925687313079834
3233,0.9925775527954102
1257,0.0006078183650970459
4941,0.9925996661186218
3923,0.9926179051399231
860,0.0009040534496307373
4053,0.9925735592842102
7642,0.992571234703064
1405,0.0006939172744750977
1602,0.0008568465709686279
6412,0.0006558895111083984
355,0.0006101727485656738
6954,0.9925740957260132
1464,0.0006496608257293701
6504,0.0006306171417236328
3131,0.9925765991210938
4733,0.9925678968429565
2324,0.9925692081451416
1103,0.9925888776779175
2350,0.9925669431686401
909,0.0006071627140045166
4677,0.0006124377250671387
4245,0.9925913214683533
3139,0.9925740957260132
3177,0.9925689697265625
4519,0.9926040172576904
1905,0.9925775527954102
193,0.003842949867248535
3242,0.003513514995574951
937,0.0010242164134979248
6795,0.9925686717033386
1599,0.3700063228607178
1146,0.9926085472106934
1950,0.9911899566650391
2945,0.9925796985626221
5644,0.9925874471664429
6899,0.9925714731216431
6823,0.000784069299697876
2579,0.0006215274333953857
3997,0.0006812512874603271
